question_id,workstream_code,workstream,capability,stage,question,answer_type,options,weight,criticality,hard_gate_candidate,expert_validation_candidate,evidence_expected,methodology_status,source_type
RQ-001,STR,Commercial Strategy & TPP,Commercial North Star,L-24_to_L+12,Has leadership documented the U.S. commercial North Star and measurable launch/L+12 outcomes?,single_select,No|Early/Draft|Defined/Mostly|Decision-ready/Operational,5,critical,false,false,Commercial North Star supporting evidence,candidate_v0,LaunchOS synthesis + founding operator/expert validation required
RQ-002,STR,Commercial Strategy & TPP,TPP,L-24_to_L+12,"Is there a current Target Product Profile used consistently across commercial, medical, market access, and finance?",single_select,No|Early/Draft|Defined/Mostly|Decision-ready/Operational,5,critical,false,false,TPP supporting evidence,candidate_v0,LaunchOS synthesis + founding operator/expert validation required
RQ-003,STR,Commercial Strategy & TPP,Launch objectives,L-24_to_L+12,Are launch objectives defined as customer/business outcomes rather than activity only?,single_select,No|Early/Draft|Defined/Mostly|Decision-ready/Operational,4,high,false,false,Launch objectives supporting evidence,candidate_v0,LaunchOS synthesis + founding operator/expert validation required
RQ-004,STR,Commercial Strategy & TPP,Indication scope,L-24_to_L+12,"Is initial U.S. indication strategy explicit, including what is out of scope?",single_select,No|Early/Draft|Defined/Mostly|Decision-ready/Operational,4,high,false,false,Indication scope supporting evidence,candidate_v0,LaunchOS synthesis + founding operator/expert validation required
RQ-005,STR,Commercial Strategy & TPP,Success metrics,L-24_to_L+12,"Are Year 1 success metrics defined across adoption, access, patient flow, field, and economics?",single_select,No|Early/Draft|Defined/Mostly|Decision-ready/Operational,4,high,false,false,Success metrics supporting evidence,candidate_v0,LaunchOS synthesis + founding operator/expert validation required
RQ-006,STR,Commercial Strategy & TPP,Assumption register,L-24_to_L+12,"Are critical commercial assumptions documented with owner, evidence, confidence, and review date?",single_select,No|Early/Draft|Defined/Mostly|Decision-ready/Operational,5,critical,false,false,Assumption register supporting evidence,candidate_v0,LaunchOS synthesis + founding operator/expert validation required
RQ-007,STR,Commercial Strategy & TPP,Cross-functional alignment,L-24_to_L+12,Are U.S./global leadership and functions aligned on commercial strategy?,single_select,No|Early/Draft|Defined/Mostly|Decision-ready/Operational,4,high,false,false,Cross-functional alignment supporting evidence,candidate_v0,LaunchOS synthesis + founding operator/expert validation required
RQ-008,STR,Commercial Strategy & TPP,Scenario planning,L-24_to_L+12,Are base/downside/upside commercialization scenarios documented?,single_select,No|Early/Draft|Defined/Mostly|Decision-ready/Operational,4,high,false,false,Scenario planning supporting evidence,candidate_v0,LaunchOS synthesis + founding operator/expert validation required
RQ-009,STR,Commercial Strategy & TPP,Capability reuse,L-24_to_L+12,Has leadership considered which capabilities should be reusable for future assets?,single_select,No|Early/Draft|Defined/Mostly|Decision-ready/Operational,3,medium,false,false,Capability reuse supporting evidence,candidate_v0,LaunchOS synthesis + founding operator/expert validation required
RQ-010,STR,Commercial Strategy & TPP,Launch archetype,L-24_to_L+12,Has the launch been classified into a meaningful archetype?,single_select,No|Early/Draft|Defined/Mostly|Decision-ready/Operational,3,medium,false,false,Launch archetype supporting evidence,candidate_v0,LaunchOS synthesis + founding operator/expert validation required
RQ-011,STR,Commercial Strategy & TPP,Strategic tradeoffs,L-24_to_L+12,Are speed/ownership/fixed-variable-cost tradeoffs explicit?,single_select,No|Early/Draft|Defined/Mostly|Decision-ready/Operational,3,medium,false,false,Strategic tradeoffs supporting evidence,candidate_v0,LaunchOS synthesis + founding operator/expert validation required
RQ-012,STR,Commercial Strategy & TPP,Board alignment,L-24_to_L+12,Has governance reviewed launch investment and downside case?,single_select,No|Early/Draft|Defined/Mostly|Decision-ready/Operational,3,medium,false,false,Board alignment supporting evidence,candidate_v0,LaunchOS synthesis + founding operator/expert validation required
RQ-013,MKT,"Market, Patient & Disease Understanding",Epidemiology,L-24_to_L+12,Is the addressable U.S. patient population quantified with current defensible epidemiology?,single_select,No|Early/Draft|Defined/Mostly|Decision-ready/Operational,4,high,false,false,Epidemiology supporting evidence,candidate_v0,LaunchOS synthesis + founding operator/expert validation required
RQ-014,MKT,"Market, Patient & Disease Understanding",Patient journey,L-24_to_L+12,"Is the end-to-end patient journey mapped through diagnosis, treatment initiation, and persistence?",single_select,No|Early/Draft|Defined/Mostly|Decision-ready/Operational,4,high,false,false,Patient journey supporting evidence,candidate_v0,LaunchOS synthesis + founding operator/expert validation required
RQ-015,MKT,"Market, Patient & Disease Understanding",Diagnosis friction,L-24_to_L+12,Are diagnostic delays/testing/referral bottlenecks understood?,single_select,No|Early/Draft|Defined/Mostly|Decision-ready/Operational,4,high,false,false,Diagnosis friction supporting evidence,candidate_v0,LaunchOS synthesis + founding operator/expert validation required
RQ-016,MKT,"Market, Patient & Disease Understanding",HCP universe,L-24_to_L+12,Is the U.S. HCP/HCO universe defined with defensible inclusion logic?,single_select,No|Early/Draft|Defined/Mostly|Decision-ready/Operational,4,high,false,false,HCP universe supporting evidence,candidate_v0,LaunchOS synthesis + founding operator/expert validation required
RQ-017,MKT,"Market, Patient & Disease Understanding",Site of care,L-24_to_L+12,Are relevant sites of care and operational constraints understood?,single_select,No|Early/Draft|Defined/Mostly|Decision-ready/Operational,4,high,false,false,Site of care supporting evidence,candidate_v0,LaunchOS synthesis + founding operator/expert validation required
RQ-018,MKT,"Market, Patient & Disease Understanding",Treatment pathway,L-24_to_L+12,Is current treatment sequencing documented?,single_select,No|Early/Draft|Defined/Mostly|Decision-ready/Operational,4,high,false,false,Treatment pathway supporting evidence,candidate_v0,LaunchOS synthesis + founding operator/expert validation required
RQ-019,MKT,"Market, Patient & Disease Understanding",Patient segments,L-24_to_L+12,Are meaningful patient segments defined beyond demographics?,single_select,No|Early/Draft|Defined/Mostly|Decision-ready/Operational,4,high,false,false,Patient segments supporting evidence,candidate_v0,LaunchOS synthesis + founding operator/expert validation required
RQ-020,MKT,"Market, Patient & Disease Understanding",Unmet need,L-24_to_L+12,Are unmet needs supported by external customer/patient evidence?,single_select,No|Early/Draft|Defined/Mostly|Decision-ready/Operational,4,high,false,false,Unmet need supporting evidence,candidate_v0,LaunchOS synthesis + founding operator/expert validation required
RQ-021,MKT,"Market, Patient & Disease Understanding",Referral networks,L-24_to_L+12,Are referral relationships and influential HCO/HCP networks understood?,single_select,No|Early/Draft|Defined/Mostly|Decision-ready/Operational,3,medium,false,false,Referral networks supporting evidence,candidate_v0,LaunchOS synthesis + founding operator/expert validation required
RQ-022,MKT,"Market, Patient & Disease Understanding",Treatment capacity,L-24_to_L+12,Has site/provider capacity been assessed against expected demand?,single_select,No|Early/Draft|Defined/Mostly|Decision-ready/Operational,3,medium,false,false,Treatment capacity supporting evidence,candidate_v0,LaunchOS synthesis + founding operator/expert validation required
RQ-023,MKT,"Market, Patient & Disease Understanding",Patient burden,L-24_to_L+12,Are administration/monitoring/travel/financial burdens assessed?,single_select,No|Early/Draft|Defined/Mostly|Decision-ready/Operational,3,medium,false,false,Patient burden supporting evidence,candidate_v0,LaunchOS synthesis + founding operator/expert validation required
RQ-024,MKT,"Market, Patient & Disease Understanding",Research refresh,L-24_to_L+12,Is market research refreshed on a planned cadence?,single_select,No|Early/Draft|Defined/Mostly|Decision-ready/Operational,3,medium,false,false,Research refresh supporting evidence,candidate_v0,LaunchOS synthesis + founding operator/expert validation required
RQ-025,CMP,Competition & Differentiation,Competitor set,L-24_to_L+12,Is direct and indirect competition explicitly defined?,single_select,No|Early/Draft|Defined/Mostly|Decision-ready/Operational,4,high,false,false,Competitor set supporting evidence,candidate_v0,LaunchOS synthesis + founding operator/expert validation required
RQ-026,CMP,Competition & Differentiation,Pipeline competition,L-24_to_L+12,Are likely pipeline entrants and timing tracked?,single_select,No|Early/Draft|Defined/Mostly|Decision-ready/Operational,4,high,false,false,Pipeline competition supporting evidence,candidate_v0,LaunchOS synthesis + founding operator/expert validation required
RQ-027,CMP,Competition & Differentiation,Differentiation,L-24_to_L+12,Is differentiation customer-relevant and evidence-supported?,single_select,No|Early/Draft|Defined/Mostly|Decision-ready/Operational,4,high,false,false,Differentiation supporting evidence,candidate_v0,LaunchOS synthesis + founding operator/expert validation required
RQ-028,CMP,Competition & Differentiation,Behavior change,L-24_to_L+12,Is required HCP/patient/payer/site behavior change defined?,single_select,No|Early/Draft|Defined/Mostly|Decision-ready/Operational,4,high,false,false,Behavior change supporting evidence,candidate_v0,LaunchOS synthesis + founding operator/expert validation required
RQ-029,CMP,Competition & Differentiation,Competitive objections,L-24_to_L+12,Are likely objections documented with compliant response pathways?,single_select,No|Early/Draft|Defined/Mostly|Decision-ready/Operational,4,high,false,false,Competitive objections supporting evidence,candidate_v0,LaunchOS synthesis + founding operator/expert validation required
RQ-030,CMP,Competition & Differentiation,Switch barriers,L-24_to_L+12,Are switching barriers assessed?,single_select,No|Early/Draft|Defined/Mostly|Decision-ready/Operational,4,high,false,false,Switch barriers supporting evidence,candidate_v0,LaunchOS synthesis + founding operator/expert validation required
RQ-031,CMP,Competition & Differentiation,Operational differentiation,L-24_to_L+12,Are workflow/administration/monitoring differences included?,single_select,No|Early/Draft|Defined/Mostly|Decision-ready/Operational,4,high,false,false,Operational differentiation supporting evidence,candidate_v0,LaunchOS synthesis + founding operator/expert validation required
RQ-032,CMP,Competition & Differentiation,Payer differentiation,L-24_to_L+12,Is there a payer-specific value story?,single_select,No|Early/Draft|Defined/Mostly|Decision-ready/Operational,4,high,false,false,Payer differentiation supporting evidence,candidate_v0,LaunchOS synthesis + founding operator/expert validation required
RQ-033,CMP,Competition & Differentiation,Message testing,L-24_to_L+12,Has positioning/message architecture been externally tested?,single_select,No|Early/Draft|Defined/Mostly|Decision-ready/Operational,3,medium,false,false,Message testing supporting evidence,candidate_v0,LaunchOS synthesis + founding operator/expert validation required
RQ-034,CMP,Competition & Differentiation,Competitive response,L-24_to_L+12,Are likely competitor responses modeled?,single_select,No|Early/Draft|Defined/Mostly|Decision-ready/Operational,3,medium,false,false,Competitive response supporting evidence,candidate_v0,LaunchOS synthesis + founding operator/expert validation required
RQ-035,CMP,Competition & Differentiation,Monitoring cadence,L-24_to_L+12,Is CI monitored with ownership/cadence?,single_select,No|Early/Draft|Defined/Mostly|Decision-ready/Operational,3,medium,false,false,Monitoring cadence supporting evidence,candidate_v0,LaunchOS synthesis + founding operator/expert validation required
RQ-036,CMP,Competition & Differentiation,Differentiation trigger,L-24_to_L+12,Is there a trigger to revisit positioning if uptake is weak?,single_select,No|Early/Draft|Defined/Mostly|Decision-ready/Operational,3,medium,false,false,Differentiation trigger supporting evidence,candidate_v0,LaunchOS synthesis + founding operator/expert validation required
RQ-037,ACC,Market Access & Payer Strategy,Access strategy,L-24_to_L+12,Is the U.S. market-access strategy aligned to the launch forecast?,single_select,No|Early/Draft|Defined/Mostly|Decision-ready/Operational,5,critical,true,true,Access strategy supporting evidence,candidate_v0,LaunchOS synthesis + founding operator/expert validation required
RQ-038,ACC,Market Access & Payer Strategy,Payer universe,L-24_to_L+12,Are priority national/regional payers and covered lives quantified?,single_select,No|Early/Draft|Defined/Mostly|Decision-ready/Operational,4,high,false,true,Payer universe supporting evidence,candidate_v0,LaunchOS synthesis + founding operator/expert validation required
RQ-039,ACC,Market Access & Payer Strategy,Coverage assumptions,L-24_to_L+12,Are coverage/UM/step-edit/PA assumptions explicit?,single_select,No|Early/Draft|Defined/Mostly|Decision-ready/Operational,5,critical,true,true,Coverage assumptions supporting evidence,candidate_v0,LaunchOS synthesis + founding operator/expert validation required
RQ-040,ACC,Market Access & Payer Strategy,Payer value proposition,L-24_to_L+12,Is the payer value proposition evidence-supported?,single_select,No|Early/Draft|Defined/Mostly|Decision-ready/Operational,4,high,false,true,Payer value proposition supporting evidence,candidate_v0,LaunchOS synthesis + founding operator/expert validation required
RQ-041,ACC,Market Access & Payer Strategy,Pricing strategy,L-24_to_L+12,"Is pricing integrated with access, GTN, channel economics, and affordability?",single_select,No|Early/Draft|Defined/Mostly|Decision-ready/Operational,5,critical,true,true,Pricing strategy supporting evidence,candidate_v0,LaunchOS synthesis + founding operator/expert validation required
RQ-042,ACC,Market Access & Payer Strategy,Contracting strategy,L-24_to_L+12,Are contracting scenarios and timing defined?,single_select,No|Early/Draft|Defined/Mostly|Decision-ready/Operational,4,high,false,true,Contracting strategy supporting evidence,candidate_v0,LaunchOS synthesis + founding operator/expert validation required
RQ-043,ACC,Market Access & Payer Strategy,Reimbursement pathway,L-24_to_L+12,Are coding/coverage/payment pathways understood?,single_select,No|Early/Draft|Defined/Mostly|Decision-ready/Operational,5,critical,true,true,Reimbursement pathway supporting evidence,candidate_v0,LaunchOS synthesis + founding operator/expert validation required
RQ-044,ACC,Market Access & Payer Strategy,Field access support,L-24_to_L+12,Is the FRM/reimbursement support model defined?,single_select,No|Early/Draft|Defined/Mostly|Decision-ready/Operational,4,high,false,true,Field access support supporting evidence,candidate_v0,LaunchOS synthesis + founding operator/expert validation required
RQ-045,ACC,Market Access & Payer Strategy,Affordability,L-24_to_L+12,Are patient OOP barriers modeled?,single_select,No|Early/Draft|Defined/Mostly|Decision-ready/Operational,3,medium,false,false,Affordability supporting evidence,candidate_v0,LaunchOS synthesis + founding operator/expert validation required
RQ-046,ACC,Market Access & Payer Strategy,Pull-through,L-24_to_L+12,Is a compliant pull-through strategy defined?,single_select,No|Early/Draft|Defined/Mostly|Decision-ready/Operational,3,medium,false,false,Pull-through supporting evidence,candidate_v0,LaunchOS synthesis + founding operator/expert validation required
RQ-047,ACC,Market Access & Payer Strategy,Access KPIs,L-24_to_L+12,Are access KPIs defined from rejection through time-to-therapy?,single_select,No|Early/Draft|Defined/Mostly|Decision-ready/Operational,3,medium,false,false,Access KPIs supporting evidence,candidate_v0,LaunchOS synthesis + founding operator/expert validation required
RQ-048,ACC,Market Access & Payer Strategy,Expert validation,L-24_to_L+12,Has a senior market-access expert reviewed the assumptions?,single_select,No|Early/Draft|Defined/Mostly|Decision-ready/Operational,3,medium,false,false,Expert validation supporting evidence,candidate_v0,LaunchOS synthesis + founding operator/expert validation required
RQ-049,FCT,"Forecast, Finance & Commercial Economics",Forecast model,L-24_to_L+12,Is there a transparent U.S. launch forecast with documented assumptions?,single_select,No|Early/Draft|Defined/Mostly|Decision-ready/Operational,5,critical,false,false,Forecast model supporting evidence,candidate_v0,LaunchOS synthesis + founding operator/expert validation required
RQ-050,FCT,"Forecast, Finance & Commercial Economics",Patient funnel,L-24_to_L+12,Does forecast explicitly model patient flow?,single_select,No|Early/Draft|Defined/Mostly|Decision-ready/Operational,4,high,false,false,Patient funnel supporting evidence,candidate_v0,LaunchOS synthesis + founding operator/expert validation required
RQ-051,FCT,"Forecast, Finance & Commercial Economics",Access impact,L-24_to_L+12,Does forecast quantify access friction?,single_select,No|Early/Draft|Defined/Mostly|Decision-ready/Operational,4,high,false,false,Access impact supporting evidence,candidate_v0,LaunchOS synthesis + founding operator/expert validation required
RQ-052,FCT,"Forecast, Finance & Commercial Economics",Adoption curve,L-24_to_L+12,Are trial/repeat/depth/persistence assumptions explicit?,single_select,No|Early/Draft|Defined/Mostly|Decision-ready/Operational,4,high,false,false,Adoption curve supporting evidence,candidate_v0,LaunchOS synthesis + founding operator/expert validation required
RQ-053,FCT,"Forecast, Finance & Commercial Economics",GTN,L-24_to_L+12,Is gross-to-net modeled?,single_select,No|Early/Draft|Defined/Mostly|Decision-ready/Operational,5,critical,false,false,GTN supporting evidence,candidate_v0,LaunchOS synthesis + founding operator/expert validation required
RQ-054,FCT,"Forecast, Finance & Commercial Economics",Budget,L-24_to_L+12,Is launch budget capability-based and scenario-linked?,single_select,No|Early/Draft|Defined/Mostly|Decision-ready/Operational,4,high,false,false,Budget supporting evidence,candidate_v0,LaunchOS synthesis + founding operator/expert validation required
RQ-055,FCT,"Forecast, Finance & Commercial Economics",Cash needs,L-24_to_L+12,Are commercialization cash requirements timed through L+12?,single_select,No|Early/Draft|Defined/Mostly|Decision-ready/Operational,4,high,false,false,Cash needs supporting evidence,candidate_v0,LaunchOS synthesis + founding operator/expert validation required
RQ-056,FCT,"Forecast, Finance & Commercial Economics",Build/Buy/Rent economics,L-24_to_L+12,Are key choices modeled over 12/24/36 months?,single_select,No|Early/Draft|Defined/Mostly|Decision-ready/Operational,4,high,false,false,Build/Buy/Rent economics supporting evidence,candidate_v0,LaunchOS synthesis + founding operator/expert validation required
RQ-057,FCT,"Forecast, Finance & Commercial Economics",CSO economics,L-24_to_L+12,"If relevant, are CSO vs internal fully loaded economics compared?",single_select,No|Early/Draft|Defined/Mostly|Decision-ready/Operational,3,medium,false,false,CSO economics supporting evidence,candidate_v0,LaunchOS synthesis + founding operator/expert validation required
RQ-058,FCT,"Forecast, Finance & Commercial Economics",Forecast governance,L-24_to_L+12,Is there a defined assumption-refresh process?,single_select,No|Early/Draft|Defined/Mostly|Decision-ready/Operational,3,medium,false,false,Forecast governance supporting evidence,candidate_v0,LaunchOS synthesis + founding operator/expert validation required
RQ-059,FCT,"Forecast, Finance & Commercial Economics",Downside triggers,L-24_to_L+12,Are triggers defined that alter hiring/spend/vendor decisions?,single_select,No|Early/Draft|Defined/Mostly|Decision-ready/Operational,3,medium,false,false,Downside triggers supporting evidence,candidate_v0,LaunchOS synthesis + founding operator/expert validation required
RQ-060,FCT,"Forecast, Finance & Commercial Economics",Board reporting,L-24_to_L+12,Are forecast assumptions/confidence consistently communicated?,single_select,No|Early/Draft|Defined/Mostly|Decision-ready/Operational,3,medium,false,false,Board reporting supporting evidence,candidate_v0,LaunchOS synthesis + founding operator/expert validation required
RQ-061,ORG,Organization & Leadership,US leadership,L-24_to_L+12,Is accountable U.S. commercial leadership in place?,single_select,No|Early/Draft|Defined/Mostly|Decision-ready/Operational,5,critical,true,true,US leadership supporting evidence,candidate_v0,LaunchOS synthesis + founding operator/expert validation required
RQ-062,ORG,Organization & Leadership,Org model,L-24_to_L+12,Is target U.S. organization defined through L+12?,single_select,No|Early/Draft|Defined/Mostly|Decision-ready/Operational,4,high,false,true,Org model supporting evidence,candidate_v0,LaunchOS synthesis + founding operator/expert validation required
RQ-063,ORG,Organization & Leadership,Role sequencing,L-24_to_L+12,Is hiring sequence driven by dependencies?,single_select,No|Early/Draft|Defined/Mostly|Decision-ready/Operational,5,critical,true,true,Role sequencing supporting evidence,candidate_v0,LaunchOS synthesis + founding operator/expert validation required
RQ-064,ORG,Organization & Leadership,Decision rights,L-24_to_L+12,Are global/U.S./functional/vendor decision rights clear?,single_select,No|Early/Draft|Defined/Mostly|Decision-ready/Operational,4,high,false,true,Decision rights supporting evidence,candidate_v0,LaunchOS synthesis + founding operator/expert validation required
RQ-065,ORG,Organization & Leadership,Span of control,L-24_to_L+12,Are manager spans designed for field complexity?,single_select,No|Early/Draft|Defined/Mostly|Decision-ready/Operational,4,high,false,true,Span of control supporting evidence,candidate_v0,LaunchOS synthesis + founding operator/expert validation required
RQ-066,ORG,Organization & Leadership,FLSM timing,L-24_to_L+12,Are first-line managers early enough to help hire and ready reps?,single_select,No|Early/Draft|Defined/Mostly|Decision-ready/Operational,5,critical,true,true,FLSM timing supporting evidence,candidate_v0,LaunchOS synthesis + founding operator/expert validation required
RQ-067,ORG,Organization & Leadership,Leadership gaps,L-24_to_L+12,Are critical leadership gaps documented/mitigated?,single_select,No|Early/Draft|Defined/Mostly|Decision-ready/Operational,4,high,false,true,Leadership gaps supporting evidence,candidate_v0,LaunchOS synthesis + founding operator/expert validation required
RQ-068,ORG,Organization & Leadership,Internal-vendor boundaries,L-24_to_L+12,Are internal vs vendor responsibilities explicit?,single_select,No|Early/Draft|Defined/Mostly|Decision-ready/Operational,4,high,false,true,Internal-vendor boundaries supporting evidence,candidate_v0,LaunchOS synthesis + founding operator/expert validation required
RQ-069,ORG,Organization & Leadership,Operating cadence,L-24_to_L+12,Is leadership cadence defined?,single_select,No|Early/Draft|Defined/Mostly|Decision-ready/Operational,3,medium,false,false,Operating cadence supporting evidence,candidate_v0,LaunchOS synthesis + founding operator/expert validation required
RQ-070,ORG,Organization & Leadership,Continuity,L-24_to_L+12,Is continuity planning documented for key roles?,single_select,No|Early/Draft|Defined/Mostly|Decision-ready/Operational,3,medium,false,false,Continuity supporting evidence,candidate_v0,LaunchOS synthesis + founding operator/expert validation required
RQ-071,ORG,Organization & Leadership,Expert council,L-24_to_L+12,Are expertise gaps mapped to experts?,single_select,No|Early/Draft|Defined/Mostly|Decision-ready/Operational,3,medium,false,false,Expert council supporting evidence,candidate_v0,LaunchOS synthesis + founding operator/expert validation required
RQ-072,ORG,Organization & Leadership,Ways of working,L-24_to_L+12,Are speed/escalation/documentation expectations explicit?,single_select,No|Early/Draft|Defined/Mostly|Decision-ready/Operational,3,medium,false,false,Ways of working supporting evidence,candidate_v0,LaunchOS synthesis + founding operator/expert validation required
RQ-073,FLD,Field Force Design & Deployment,Field model,L-24_to_L+12,Has Internal vs CSO vs Hybrid vs Virtual been selected?,single_select,No|Early/Draft|Defined/Mostly|Decision-ready/Operational,5,critical,true,true,Field model supporting evidence,candidate_v0,LaunchOS synthesis + founding operator/expert validation required
RQ-074,FLD,Field Force Design & Deployment,Target universe,L-24_to_L+12,Is target universe mature enough for sizing?,single_select,No|Early/Draft|Defined/Mostly|Decision-ready/Operational,5,critical,true,true,Target universe supporting evidence,candidate_v0,LaunchOS synthesis + founding operator/expert validation required
RQ-075,FLD,Field Force Design & Deployment,Segmentation,L-24_to_L+12,"Are segments based on opportunity/behavior, not volume alone?",single_select,No|Early/Draft|Defined/Mostly|Decision-ready/Operational,4,high,false,true,Segmentation supporting evidence,candidate_v0,LaunchOS synthesis + founding operator/expert validation required
RQ-076,FLD,Field Force Design & Deployment,Reach/frequency,L-24_to_L+12,Are reach/frequency assumptions documented?,single_select,No|Early/Draft|Defined/Mostly|Decision-ready/Operational,4,high,false,true,Reach/frequency supporting evidence,candidate_v0,LaunchOS synthesis + founding operator/expert validation required
RQ-077,FLD,Field Force Design & Deployment,Sizing,L-24_to_L+12,Has field sizing been modeled under multiple scenarios?,single_select,No|Early/Draft|Defined/Mostly|Decision-ready/Operational,5,critical,true,true,Sizing supporting evidence,candidate_v0,LaunchOS synthesis + founding operator/expert validation required
RQ-078,FLD,Field Force Design & Deployment,Territories,L-24_to_L+12,Are territories balanced for workload/opportunity/travel?,single_select,No|Early/Draft|Defined/Mostly|Decision-ready/Operational,4,high,false,true,Territories supporting evidence,candidate_v0,LaunchOS synthesis + founding operator/expert validation required
RQ-079,FLD,Field Force Design & Deployment,Manager layers,L-24_to_L+12,Are RD/FLSM layers designed consistently with rep count?,single_select,No|Early/Draft|Defined/Mostly|Decision-ready/Operational,4,high,false,true,Manager layers supporting evidence,candidate_v0,LaunchOS synthesis + founding operator/expert validation required
RQ-080,FLD,Field Force Design & Deployment,KAM/FRM,L-24_to_L+12,Are KAM/FRM needs explicitly assessed?,single_select,No|Early/Draft|Defined/Mostly|Decision-ready/Operational,4,high,false,true,KAM/FRM supporting evidence,candidate_v0,LaunchOS synthesis + founding operator/expert validation required
RQ-081,FLD,Field Force Design & Deployment,Virtual mix,L-24_to_L+12,Has virtual coverage been assessed?,single_select,No|Early/Draft|Defined/Mostly|Decision-ready/Operational,3,medium,false,false,Virtual mix supporting evidence,candidate_v0,LaunchOS synthesis + founding operator/expert validation required
RQ-082,FLD,Field Force Design & Deployment,CSO SLA,L-24_to_L+12,"If CSO, are recruiting/staffing/replacement SLAs defined?",single_select,No|Early/Draft|Defined/Mostly|Decision-ready/Operational,3,medium,false,false,CSO SLA supporting evidence,candidate_v0,LaunchOS synthesis + founding operator/expert validation required
RQ-083,FLD,Field Force Design & Deployment,Territory readiness,L-24_to_L+12,Is each territory tied to staffing/training/CRM/targets?,single_select,No|Early/Draft|Defined/Mostly|Decision-ready/Operational,3,medium,false,false,Territory readiness supporting evidence,candidate_v0,LaunchOS synthesis + founding operator/expert validation required
RQ-084,FLD,Field Force Design & Deployment,Field economics,L-24_to_L+12,Are fully loaded scenario costs modeled?,single_select,No|Early/Draft|Defined/Mostly|Decision-ready/Operational,3,medium,false,false,Field economics supporting evidence,candidate_v0,LaunchOS synthesis + founding operator/expert validation required
RQ-085,HRT,"Hiring, Training & Certification",Hiring plan,L-24_to_L+12,Is there a role-by-role recruiting plan?,single_select,No|Early/Draft|Defined/Mostly|Decision-ready/Operational,5,critical,true,true,Hiring plan supporting evidence,candidate_v0,LaunchOS synthesis + founding operator/expert validation required
RQ-086,HRT,"Hiring, Training & Certification",Interview model,L-24_to_L+12,Are structured scorecards/competencies defined?,single_select,No|Early/Draft|Defined/Mostly|Decision-ready/Operational,4,high,false,true,Interview model supporting evidence,candidate_v0,LaunchOS synthesis + founding operator/expert validation required
RQ-087,HRT,"Hiring, Training & Certification",Manager-first dependency,L-24_to_L+12,Is manager hiring sequenced before rep hiring where needed?,single_select,No|Early/Draft|Defined/Mostly|Decision-ready/Operational,5,critical,true,true,Manager-first dependency supporting evidence,candidate_v0,LaunchOS synthesis + founding operator/expert validation required
RQ-088,HRT,"Hiring, Training & Certification",Recruiting velocity,L-24_to_L+12,Are funnel conversion/time-to-fill assumptions tracked?,single_select,No|Early/Draft|Defined/Mostly|Decision-ready/Operational,4,high,false,true,Recruiting velocity supporting evidence,candidate_v0,LaunchOS synthesis + founding operator/expert validation required
RQ-089,HRT,"Hiring, Training & Certification",CSO recruiting,L-24_to_L+12,"If CSO, are candidate-quality/replacement SLAs measurable?",single_select,No|Early/Draft|Defined/Mostly|Decision-ready/Operational,4,high,false,true,CSO recruiting supporting evidence,candidate_v0,LaunchOS synthesis + founding operator/expert validation required
RQ-090,HRT,"Hiring, Training & Certification",Training architecture,L-24_to_L+12,Is curriculum mapped to competencies/product/access/systems?,single_select,No|Early/Draft|Defined/Mostly|Decision-ready/Operational,5,critical,true,true,Training architecture supporting evidence,candidate_v0,LaunchOS synthesis + founding operator/expert validation required
RQ-091,HRT,"Hiring, Training & Certification",Content dependency,L-24_to_L+12,Are training timelines linked to approved content dependencies?,single_select,No|Early/Draft|Defined/Mostly|Decision-ready/Operational,4,high,false,true,Content dependency supporting evidence,candidate_v0,LaunchOS synthesis + founding operator/expert validation required
RQ-092,HRT,"Hiring, Training & Certification",Certification,L-24_to_L+12,Are certification/remediation/retesting standards defined?,single_select,No|Early/Draft|Defined/Mostly|Decision-ready/Operational,4,high,false,true,Certification supporting evidence,candidate_v0,LaunchOS synthesis + founding operator/expert validation required
RQ-093,HRT,"Hiring, Training & Certification",Manager training,L-24_to_L+12,Are FLSMs trained before rep deployment?,single_select,No|Early/Draft|Defined/Mostly|Decision-ready/Operational,3,medium,false,false,Manager training supporting evidence,candidate_v0,LaunchOS synthesis + founding operator/expert validation required
RQ-094,HRT,"Hiring, Training & Certification",Systems readiness,L-24_to_L+12,Are CRM/devices/credentials/compliance included in readiness?,single_select,No|Early/Draft|Defined/Mostly|Decision-ready/Operational,3,medium,false,false,Systems readiness supporting evidence,candidate_v0,LaunchOS synthesis + founding operator/expert validation required
RQ-095,HRT,"Hiring, Training & Certification",Field rehearsal,L-24_to_L+12,Is structured rehearsal/role-play planned?,single_select,No|Early/Draft|Defined/Mostly|Decision-ready/Operational,3,medium,false,false,Field rehearsal supporting evidence,candidate_v0,LaunchOS synthesis + founding operator/expert validation required
RQ-096,HRT,"Hiring, Training & Certification",Readiness dashboard,L-24_to_L+12,Can leadership see required→hired→trained→certified→ready?,single_select,No|Early/Draft|Defined/Mostly|Decision-ready/Operational,3,medium,false,false,Readiness dashboard supporting evidence,candidate_v0,LaunchOS synthesis + founding operator/expert validation required
RQ-097,OPS,Commercial Operations & CRM,Operating model,L-24_to_L+12,Is operating model defined before CRM configuration?,single_select,No|Early/Draft|Defined/Mostly|Decision-ready/Operational,5,critical,true,false,Operating model supporting evidence,candidate_v0,LaunchOS synthesis + founding operator/expert validation required
RQ-098,OPS,Commercial Operations & CRM,CRM platform,L-24_to_L+12,Has CRM approach been selected based on needs/scale?,single_select,No|Early/Draft|Defined/Mostly|Decision-ready/Operational,4,high,false,false,CRM platform supporting evidence,candidate_v0,LaunchOS synthesis + founding operator/expert validation required
RQ-099,OPS,Commercial Operations & CRM,Account hierarchy,L-24_to_L+12,Are HCP/HCO/affiliation requirements defined?,single_select,No|Early/Draft|Defined/Mostly|Decision-ready/Operational,4,high,false,false,Account hierarchy supporting evidence,candidate_v0,LaunchOS synthesis + founding operator/expert validation required
RQ-100,OPS,Commercial Operations & CRM,Call model,L-24_to_L+12,Are call objectives/outcomes/barriers/follow-up structured?,single_select,No|Early/Draft|Defined/Mostly|Decision-ready/Operational,4,high,false,false,Call model supporting evidence,candidate_v0,LaunchOS synthesis + founding operator/expert validation required
RQ-101,OPS,Commercial Operations & CRM,Territory integration,L-24_to_L+12,Is territory assignment linked to CRM cleanly?,single_select,No|Early/Draft|Defined/Mostly|Decision-ready/Operational,4,high,false,false,Territory integration supporting evidence,candidate_v0,LaunchOS synthesis + founding operator/expert validation required
RQ-102,OPS,Commercial Operations & CRM,Access capture,L-24_to_L+12,Can field teams capture access barriers structurally?,single_select,No|Early/Draft|Defined/Mostly|Decision-ready/Operational,4,high,false,false,Access capture supporting evidence,candidate_v0,LaunchOS synthesis + founding operator/expert validation required
RQ-103,OPS,Commercial Operations & CRM,Medical handoff,L-24_to_L+12,Is Medical/MSL escalation defined?,single_select,No|Early/Draft|Defined/Mostly|Decision-ready/Operational,4,high,false,false,Medical handoff supporting evidence,candidate_v0,LaunchOS synthesis + founding operator/expert validation required
RQ-104,OPS,Commercial Operations & CRM,Reporting requirements,L-24_to_L+12,Are role-based reporting requirements defined?,single_select,No|Early/Draft|Defined/Mostly|Decision-ready/Operational,4,high,false,false,Reporting requirements supporting evidence,candidate_v0,LaunchOS synthesis + founding operator/expert validation required
RQ-105,OPS,Commercial Operations & CRM,Master data,L-24_to_L+12,Is HCP/HCO master-data source/stewardship selected?,single_select,No|Early/Draft|Defined/Mostly|Decision-ready/Operational,3,medium,false,false,Master data supporting evidence,candidate_v0,LaunchOS synthesis + founding operator/expert validation required
RQ-106,OPS,Commercial Operations & CRM,Integration map,L-24_to_L+12,Is integration architecture defined?,single_select,No|Early/Draft|Defined/Mostly|Decision-ready/Operational,3,medium,false,false,Integration map supporting evidence,candidate_v0,LaunchOS synthesis + founding operator/expert validation required
RQ-107,OPS,Commercial Operations & CRM,Change control,L-24_to_L+12,Is CRM change control defined for launch?,single_select,No|Early/Draft|Defined/Mostly|Decision-ready/Operational,3,medium,false,false,Change control supporting evidence,candidate_v0,LaunchOS synthesis + founding operator/expert validation required
RQ-108,OPS,Commercial Operations & CRM,Adoption plan,L-24_to_L+12,Is CRM adoption/data quality measurement planned?,single_select,No|Early/Draft|Defined/Mostly|Decision-ready/Operational,3,medium,false,false,Adoption plan supporting evidence,candidate_v0,LaunchOS synthesis + founding operator/expert validation required
RQ-109,DAT,"Data, Analytics & Intelligence",Data strategy,L-24_to_L+12,Is launch data strategy tied to decisions?,single_select,No|Early/Draft|Defined/Mostly|Decision-ready/Operational,5,critical,true,false,Data strategy supporting evidence,candidate_v0,LaunchOS synthesis + founding operator/expert validation required
RQ-110,DAT,"Data, Analytics & Intelligence",Data prescription,L-24_to_L+12,Is minimum required data identified for archetype?,single_select,No|Early/Draft|Defined/Mostly|Decision-ready/Operational,4,high,false,false,Data prescription supporting evidence,candidate_v0,LaunchOS synthesis + founding operator/expert validation required
RQ-111,DAT,"Data, Analytics & Intelligence",HCP/HCO data,L-24_to_L+12,Is HCP/HCO source selected with rights known?,single_select,No|Early/Draft|Defined/Mostly|Decision-ready/Operational,4,high,false,false,HCP/HCO data supporting evidence,candidate_v0,LaunchOS synthesis + founding operator/expert validation required
RQ-112,DAT,"Data, Analytics & Intelligence",Claims/Rx,L-24_to_L+12,Are claims/Rx needs tied to decisions?,single_select,No|Early/Draft|Defined/Mostly|Decision-ready/Operational,4,high,false,false,Claims/Rx supporting evidence,candidate_v0,LaunchOS synthesis + founding operator/expert validation required
RQ-113,DAT,"Data, Analytics & Intelligence",Payer data,L-24_to_L+12,Is payer/formulary source selected if needed?,single_select,No|Early/Draft|Defined/Mostly|Decision-ready/Operational,4,high,false,false,Payer data supporting evidence,candidate_v0,LaunchOS synthesis + founding operator/expert validation required
RQ-114,DAT,"Data, Analytics & Intelligence",Data rights,L-24_to_L+12,Are third-party use/derivative/retention rights documented?,single_select,No|Early/Draft|Defined/Mostly|Decision-ready/Operational,5,critical,true,false,Data rights supporting evidence,candidate_v0,LaunchOS synthesis + founding operator/expert validation required
RQ-115,DAT,"Data, Analytics & Intelligence",Data lineage,L-24_to_L+12,Can important metrics be traced to source/as-of/transformation?,single_select,No|Early/Draft|Defined/Mostly|Decision-ready/Operational,4,high,false,false,Data lineage supporting evidence,candidate_v0,LaunchOS synthesis + founding operator/expert validation required
RQ-116,DAT,"Data, Analytics & Intelligence",Refresh cadence,L-24_to_L+12,Are staleness thresholds defined?,single_select,No|Early/Draft|Defined/Mostly|Decision-ready/Operational,4,high,false,false,Refresh cadence supporting evidence,candidate_v0,LaunchOS synthesis + founding operator/expert validation required
RQ-117,DAT,"Data, Analytics & Intelligence",Decision analytics,L-24_to_L+12,Are analytics decision-centric?,single_select,No|Early/Draft|Defined/Mostly|Decision-ready/Operational,3,medium,false,false,Decision analytics supporting evidence,candidate_v0,LaunchOS synthesis + founding operator/expert validation required
RQ-118,DAT,"Data, Analytics & Intelligence",Benchmark governance,L-24_to_L+12,Are benchmarks labeled with source/sample/limits?,single_select,No|Early/Draft|Defined/Mostly|Decision-ready/Operational,3,medium,false,false,Benchmark governance supporting evidence,candidate_v0,LaunchOS synthesis + founding operator/expert validation required
RQ-119,DAT,"Data, Analytics & Intelligence",AI governance,L-24_to_L+12,Are approved AI use cases/evals defined?,single_select,No|Early/Draft|Defined/Mostly|Decision-ready/Operational,3,medium,false,false,AI governance supporting evidence,candidate_v0,LaunchOS synthesis + founding operator/expert validation required
RQ-120,DAT,"Data, Analytics & Intelligence",Insight cadence,L-24_to_L+12,Is there a repeatable data→decision process?,single_select,No|Early/Draft|Defined/Mostly|Decision-ready/Operational,3,medium,false,false,Insight cadence supporting evidence,candidate_v0,LaunchOS synthesis + founding operator/expert validation required
RQ-121,MKG,"Brand, Marketing & Omnichannel",Brand strategy,L-24_to_L+12,Is brand strategy aligned to required customer behavior change?,single_select,No|Early/Draft|Defined/Mostly|Decision-ready/Operational,4,high,false,false,Brand strategy supporting evidence,candidate_v0,LaunchOS synthesis + founding operator/expert validation required
RQ-122,MKG,"Brand, Marketing & Omnichannel",Segmentation alignment,L-24_to_L+12,Are marketing/field/access segmentations aligned?,single_select,No|Early/Draft|Defined/Mostly|Decision-ready/Operational,4,high,false,false,Segmentation alignment supporting evidence,candidate_v0,LaunchOS synthesis + founding operator/expert validation required
RQ-123,MKG,"Brand, Marketing & Omnichannel",Message architecture,L-24_to_L+12,Is core message architecture tested/governance-ready?,single_select,No|Early/Draft|Defined/Mostly|Decision-ready/Operational,4,high,false,false,Message architecture supporting evidence,candidate_v0,LaunchOS synthesis + founding operator/expert validation required
RQ-124,MKG,"Brand, Marketing & Omnichannel",Channel strategy,L-24_to_L+12,Is channel mix based on customer behavior?,single_select,No|Early/Draft|Defined/Mostly|Decision-ready/Operational,4,high,false,false,Channel strategy supporting evidence,candidate_v0,LaunchOS synthesis + founding operator/expert validation required
RQ-125,MKG,"Brand, Marketing & Omnichannel",Omnichannel journey,L-24_to_L+12,Is HCP journey orchestrated across field/nonpersonal channels?,single_select,No|Early/Draft|Defined/Mostly|Decision-ready/Operational,4,high,false,false,Omnichannel journey supporting evidence,candidate_v0,LaunchOS synthesis + founding operator/expert validation required
RQ-126,MKG,"Brand, Marketing & Omnichannel",Content plan,L-24_to_L+12,Is content sequenced to audience/channel/approval timing?,single_select,No|Early/Draft|Defined/Mostly|Decision-ready/Operational,4,high,false,false,Content plan supporting evidence,candidate_v0,LaunchOS synthesis + founding operator/expert validation required
RQ-127,MKG,"Brand, Marketing & Omnichannel",MLR dependency,L-24_to_L+12,Are MLR/content dependencies on critical path?,single_select,No|Early/Draft|Defined/Mostly|Decision-ready/Operational,5,critical,false,false,MLR dependency supporting evidence,candidate_v0,LaunchOS synthesis + founding operator/expert validation required
RQ-128,MKG,"Brand, Marketing & Omnichannel",Agency governance,L-24_to_L+12,Are agency scopes/handoffs clear?,single_select,No|Early/Draft|Defined/Mostly|Decision-ready/Operational,4,high,false,false,Agency governance supporting evidence,candidate_v0,LaunchOS synthesis + founding operator/expert validation required
RQ-129,MKG,"Brand, Marketing & Omnichannel",Digital readiness,L-24_to_L+12,Are required digital capabilities launch-ready?,single_select,No|Early/Draft|Defined/Mostly|Decision-ready/Operational,3,medium,false,false,Digital readiness supporting evidence,candidate_v0,LaunchOS synthesis + founding operator/expert validation required
RQ-130,MKG,"Brand, Marketing & Omnichannel",Field-content integration,L-24_to_L+12,Can field easily access current approved content?,single_select,No|Early/Draft|Defined/Mostly|Decision-ready/Operational,3,medium,false,false,Field-content integration supporting evidence,candidate_v0,LaunchOS synthesis + founding operator/expert validation required
RQ-131,MKG,"Brand, Marketing & Omnichannel",Measurement,L-24_to_L+12,Are marketing metrics tied to progression/adoption?,single_select,No|Early/Draft|Defined/Mostly|Decision-ready/Operational,3,medium,false,false,Measurement supporting evidence,candidate_v0,LaunchOS synthesis + founding operator/expert validation required
RQ-132,MKG,"Brand, Marketing & Omnichannel",Optimization triggers,L-24_to_L+12,Are channel/message change triggers defined?,single_select,No|Early/Draft|Defined/Mostly|Decision-ready/Operational,3,medium,false,false,Optimization triggers supporting evidence,candidate_v0,LaunchOS synthesis + founding operator/expert validation required
RQ-133,DST,"Distribution, Supply & Channel Readiness",Distribution model,L-24_to_L+12,Is U.S. distribution model defined?,single_select,No|Early/Draft|Defined/Mostly|Decision-ready/Operational,5,critical,true,true,Distribution model supporting evidence,candidate_v0,LaunchOS synthesis + founding operator/expert validation required
RQ-134,DST,"Distribution, Supply & Channel Readiness",3PL,L-24_to_L+12,Is 3PL strategy/vendor ready if required?,single_select,No|Early/Draft|Defined/Mostly|Decision-ready/Operational,4,high,false,true,3PL supporting evidence,candidate_v0,LaunchOS synthesis + founding operator/expert validation required
RQ-135,DST,"Distribution, Supply & Channel Readiness",Wholesalers,L-24_to_L+12,Are wholesaler/specialty distributor relationships defined?,single_select,No|Early/Draft|Defined/Mostly|Decision-ready/Operational,4,high,false,true,Wholesalers supporting evidence,candidate_v0,LaunchOS synthesis + founding operator/expert validation required
RQ-136,DST,"Distribution, Supply & Channel Readiness",Specialty pharmacy,L-24_to_L+12,"If needed, are SP requirements/reporting defined?",single_select,No|Early/Draft|Defined/Mostly|Decision-ready/Operational,4,high,false,true,Specialty pharmacy supporting evidence,candidate_v0,LaunchOS synthesis + founding operator/expert validation required
RQ-137,DST,"Distribution, Supply & Channel Readiness",Inventory policy,L-24_to_L+12,Are launch inventory/safety-stock assumptions defined?,single_select,No|Early/Draft|Defined/Mostly|Decision-ready/Operational,4,high,false,true,Inventory policy supporting evidence,candidate_v0,LaunchOS synthesis + founding operator/expert validation required
RQ-138,DST,"Distribution, Supply & Channel Readiness",Order-to-cash,L-24_to_L+12,Is order-to-cash mapped end-to-end?,single_select,No|Early/Draft|Defined/Mostly|Decision-ready/Operational,4,high,false,true,Order-to-cash supporting evidence,candidate_v0,LaunchOS synthesis + founding operator/expert validation required
RQ-139,DST,"Distribution, Supply & Channel Readiness",Returns/chargebacks,L-24_to_L+12,Are returns/chargebacks/channel finance processes ready?,single_select,No|Early/Draft|Defined/Mostly|Decision-ready/Operational,4,high,false,true,Returns/chargebacks supporting evidence,candidate_v0,LaunchOS synthesis + founding operator/expert validation required
RQ-140,DST,"Distribution, Supply & Channel Readiness",DSCSA/licensing,L-24_to_L+12,Are applicable distribution compliance dependencies tracked?,single_select,No|Early/Draft|Defined/Mostly|Decision-ready/Operational,4,high,false,true,DSCSA/licensing supporting evidence,candidate_v0,LaunchOS synthesis + founding operator/expert validation required
RQ-141,DST,"Distribution, Supply & Channel Readiness",Data feeds,L-24_to_L+12,Are distributor/SP data feeds and latency defined?,single_select,No|Early/Draft|Defined/Mostly|Decision-ready/Operational,3,medium,false,false,Data feeds supporting evidence,candidate_v0,LaunchOS synthesis + founding operator/expert validation required
RQ-142,DST,"Distribution, Supply & Channel Readiness",Fulfillment SLA,L-24_to_L+12,Are order/fill/shipment/exception SLAs defined?,single_select,No|Early/Draft|Defined/Mostly|Decision-ready/Operational,3,medium,false,false,Fulfillment SLA supporting evidence,candidate_v0,LaunchOS synthesis + founding operator/expert validation required
RQ-143,DST,"Distribution, Supply & Channel Readiness",Supply risk,L-24_to_L+12,Are supply failure modes and contingency plans documented?,single_select,No|Early/Draft|Defined/Mostly|Decision-ready/Operational,5,critical,true,false,Supply risk supporting evidence,candidate_v0,LaunchOS synthesis + founding operator/expert validation required
RQ-144,DST,"Distribution, Supply & Channel Readiness",Readiness test,L-24_to_L+12,Has end-to-end distribution rehearsal been planned/completed?,single_select,No|Early/Draft|Defined/Mostly|Decision-ready/Operational,3,medium,false,false,Readiness test supporting evidence,candidate_v0,LaunchOS synthesis + founding operator/expert validation required
RQ-145,HUB,Patient Services / HUB / Access Operations,Patient service need,L-24_to_L+12,Has need for HUB/patient services been analyzed?,single_select,No|Early/Draft|Defined/Mostly|Decision-ready/Operational,4,high,false,false,Patient service need supporting evidence,candidate_v0,LaunchOS synthesis + founding operator/expert validation required
RQ-146,HUB,Patient Services / HUB / Access Operations,Service scope,L-24_to_L+12,Are BV/PA/affordability/education/adherence scopes defined?,single_select,No|Early/Draft|Defined/Mostly|Decision-ready/Operational,4,high,false,false,Service scope supporting evidence,candidate_v0,LaunchOS synthesis + founding operator/expert validation required
RQ-147,HUB,Patient Services / HUB / Access Operations,Vendor selection,L-24_to_L+12,"If outsourced, is HUB/vendor selected with SLAs?",single_select,No|Early/Draft|Defined/Mostly|Decision-ready/Operational,4,high,false,false,Vendor selection supporting evidence,candidate_v0,LaunchOS synthesis + founding operator/expert validation required
RQ-148,HUB,Patient Services / HUB / Access Operations,Enrollment workflow,L-24_to_L+12,Is enrollment flow clear across provider/HUB/payer/dispensing?,single_select,No|Early/Draft|Defined/Mostly|Decision-ready/Operational,4,high,false,false,Enrollment workflow supporting evidence,candidate_v0,LaunchOS synthesis + founding operator/expert validation required
RQ-149,HUB,Patient Services / HUB / Access Operations,Time-to-therapy,L-24_to_L+12,Are time-to-therapy stages measurable?,single_select,No|Early/Draft|Defined/Mostly|Decision-ready/Operational,4,high,false,false,Time-to-therapy supporting evidence,candidate_v0,LaunchOS synthesis + founding operator/expert validation required
RQ-150,HUB,Patient Services / HUB / Access Operations,Abandonment,L-24_to_L+12,Are abandonment reasons structured?,single_select,No|Early/Draft|Defined/Mostly|Decision-ready/Operational,4,high,false,false,Abandonment supporting evidence,candidate_v0,LaunchOS synthesis + founding operator/expert validation required
RQ-151,HUB,Patient Services / HUB / Access Operations,Escalation,L-24_to_L+12,Are unresolved cases escalated with SLA/owner?,single_select,No|Early/Draft|Defined/Mostly|Decision-ready/Operational,4,high,false,false,Escalation supporting evidence,candidate_v0,LaunchOS synthesis + founding operator/expert validation required
RQ-152,HUB,Patient Services / HUB / Access Operations,Field handoff,L-24_to_L+12,Are rep/FRM/HUB handoffs defined?,single_select,No|Early/Draft|Defined/Mostly|Decision-ready/Operational,4,high,false,false,Field handoff supporting evidence,candidate_v0,LaunchOS synthesis + founding operator/expert validation required
RQ-153,HUB,Patient Services / HUB / Access Operations,Affordability operations,L-24_to_L+12,Are assistance workflows ready?,single_select,No|Early/Draft|Defined/Mostly|Decision-ready/Operational,3,medium,false,false,Affordability operations supporting evidence,candidate_v0,LaunchOS synthesis + founding operator/expert validation required
RQ-154,HUB,Patient Services / HUB / Access Operations,Persistence support,L-24_to_L+12,"If material, is persistence support designed?",single_select,No|Early/Draft|Defined/Mostly|Decision-ready/Operational,3,medium,false,false,Persistence support supporting evidence,candidate_v0,LaunchOS synthesis + founding operator/expert validation required
RQ-155,HUB,Patient Services / HUB / Access Operations,Data governance,L-24_to_L+12,Are patient-service privacy/data boundaries defined?,single_select,No|Early/Draft|Defined/Mostly|Decision-ready/Operational,3,medium,false,false,Data governance supporting evidence,candidate_v0,LaunchOS synthesis + founding operator/expert validation required
RQ-156,HUB,Patient Services / HUB / Access Operations,Performance dashboard,L-24_to_L+12,Are conversion/SLA/time-to-therapy KPIs defined?,single_select,No|Early/Draft|Defined/Mostly|Decision-ready/Operational,3,medium,false,false,Performance dashboard supporting evidence,candidate_v0,LaunchOS synthesis + founding operator/expert validation required
RQ-157,VEN,"Vendor, CSO & Partner Governance",Vendor map,L-24_to_L+12,Is the required external capability/vendor map complete?,single_select,No|Early/Draft|Defined/Mostly|Decision-ready/Operational,4,high,false,true,Vendor map supporting evidence,candidate_v0,LaunchOS synthesis + founding operator/expert validation required
RQ-158,VEN,"Vendor, CSO & Partner Governance",Build/Buy/Rent,L-24_to_L+12,Has each major capability been deliberately classified?,single_select,No|Early/Draft|Defined/Mostly|Decision-ready/Operational,4,high,false,true,Build/Buy/Rent supporting evidence,candidate_v0,LaunchOS synthesis + founding operator/expert validation required
RQ-159,VEN,"Vendor, CSO & Partner Governance",RFP criteria,L-24_to_L+12,Are weighted selection criteria defined before proposal review?,single_select,No|Early/Draft|Defined/Mostly|Decision-ready/Operational,4,high,false,true,RFP criteria supporting evidence,candidate_v0,LaunchOS synthesis + founding operator/expert validation required
RQ-160,VEN,"Vendor, CSO & Partner Governance",Vendor neutrality,L-24_to_L+12,Are recommendations independent of vendor compensation?,single_select,No|Early/Draft|Defined/Mostly|Decision-ready/Operational,4,high,false,true,Vendor neutrality supporting evidence,candidate_v0,LaunchOS synthesis + founding operator/expert validation required
RQ-161,VEN,"Vendor, CSO & Partner Governance",References,L-24_to_L+12,Are customer references validated for material vendors?,single_select,No|Early/Draft|Defined/Mostly|Decision-ready/Operational,4,high,false,true,References supporting evidence,candidate_v0,LaunchOS synthesis + founding operator/expert validation required
RQ-162,VEN,"Vendor, CSO & Partner Governance",SLA,L-24_to_L+12,Are SLAs measurable and linked to escalation/remedies?,single_select,No|Early/Draft|Defined/Mostly|Decision-ready/Operational,4,high,false,true,SLA supporting evidence,candidate_v0,LaunchOS synthesis + founding operator/expert validation required
RQ-163,VEN,"Vendor, CSO & Partner Governance",Data rights,L-24_to_L+12,Are vendor data rights/portability documented?,single_select,No|Early/Draft|Defined/Mostly|Decision-ready/Operational,5,critical,false,true,Data rights supporting evidence,candidate_v0,LaunchOS synthesis + founding operator/expert validation required
RQ-164,VEN,"Vendor, CSO & Partner Governance",Exit rights,L-24_to_L+12,Are termination/transition/export rights adequate?,single_select,No|Early/Draft|Defined/Mostly|Decision-ready/Operational,4,high,false,true,Exit rights supporting evidence,candidate_v0,LaunchOS synthesis + founding operator/expert validation required
RQ-165,VEN,"Vendor, CSO & Partner Governance",CSO governance,L-24_to_L+12,"If CSO, are recruiting/vacancy/reporting/conversion rights governed?",single_select,No|Early/Draft|Defined/Mostly|Decision-ready/Operational,3,medium,false,false,CSO governance supporting evidence,candidate_v0,LaunchOS synthesis + founding operator/expert validation required
RQ-166,VEN,"Vendor, CSO & Partner Governance",Vendor scorecard,L-24_to_L+12,Is performance reviewed through standard scorecard?,single_select,No|Early/Draft|Defined/Mostly|Decision-ready/Operational,3,medium,false,false,Vendor scorecard supporting evidence,candidate_v0,LaunchOS synthesis + founding operator/expert validation required
RQ-167,VEN,"Vendor, CSO & Partner Governance",Dependency tracking,L-24_to_L+12,Are vendor deliverables launch dependencies?,single_select,No|Early/Draft|Defined/Mostly|Decision-ready/Operational,3,medium,false,false,Dependency tracking supporting evidence,candidate_v0,LaunchOS synthesis + founding operator/expert validation required
RQ-168,VEN,"Vendor, CSO & Partner Governance",Contingency,L-24_to_L+12,Are alternatives identified for critical vendors?,single_select,No|Early/Draft|Defined/Mostly|Decision-ready/Operational,3,medium,false,false,Contingency supporting evidence,candidate_v0,LaunchOS synthesis + founding operator/expert validation required
RQ-169,GOV,"Launch Governance, PMO & Command Center",Governance model,L-24_to_L+12,Is launch governance documented with forums/cadence/rights?,single_select,No|Early/Draft|Defined/Mostly|Decision-ready/Operational,5,critical,true,false,Governance model supporting evidence,candidate_v0,LaunchOS synthesis + founding operator/expert validation required
RQ-170,GOV,"Launch Governance, PMO & Command Center",Critical path,L-24_to_L+12,Is there one integrated launch critical path?,single_select,No|Early/Draft|Defined/Mostly|Decision-ready/Operational,5,critical,true,false,Critical path supporting evidence,candidate_v0,LaunchOS synthesis + founding operator/expert validation required
RQ-171,GOV,"Launch Governance, PMO & Command Center",Dependency owners,L-24_to_L+12,Does every critical dependency have an owner?,single_select,No|Early/Draft|Defined/Mostly|Decision-ready/Operational,4,high,false,false,Dependency owners supporting evidence,candidate_v0,LaunchOS synthesis + founding operator/expert validation required
RQ-172,GOV,"Launch Governance, PMO & Command Center",Decision ledger,L-24_to_L+12,Are material decisions documented with assumptions/evidence?,single_select,No|Early/Draft|Defined/Mostly|Decision-ready/Operational,5,critical,true,false,Decision ledger supporting evidence,candidate_v0,LaunchOS synthesis + founding operator/expert validation required
RQ-173,GOV,"Launch Governance, PMO & Command Center",Risk register,L-24_to_L+12,Is risk register active with triggers/mitigations?,single_select,No|Early/Draft|Defined/Mostly|Decision-ready/Operational,4,high,false,false,Risk register supporting evidence,candidate_v0,LaunchOS synthesis + founding operator/expert validation required
RQ-174,GOV,"Launch Governance, PMO & Command Center",Executive attention,L-24_to_L+12,Can leaders identify top issues without dozens of dashboards?,single_select,No|Early/Draft|Defined/Mostly|Decision-ready/Operational,4,high,false,false,Executive attention supporting evidence,candidate_v0,LaunchOS synthesis + founding operator/expert validation required
RQ-175,GOV,"Launch Governance, PMO & Command Center",Change impact,L-24_to_L+12,Are downstream effects of changes assessed systematically?,single_select,No|Early/Draft|Defined/Mostly|Decision-ready/Operational,4,high,false,false,Change impact supporting evidence,candidate_v0,LaunchOS synthesis + founding operator/expert validation required
RQ-176,GOV,"Launch Governance, PMO & Command Center",Escalation aging,L-24_to_L+12,Are old unresolved issues escalated?,single_select,No|Early/Draft|Defined/Mostly|Decision-ready/Operational,4,high,false,false,Escalation aging supporting evidence,candidate_v0,LaunchOS synthesis + founding operator/expert validation required
RQ-177,GOV,"Launch Governance, PMO & Command Center",Evidence quality,L-24_to_L+12,Are decisions labeled by evidence quality/confidence?,single_select,No|Early/Draft|Defined/Mostly|Decision-ready/Operational,3,medium,false,false,Evidence quality supporting evidence,candidate_v0,LaunchOS synthesis + founding operator/expert validation required
RQ-178,GOV,"Launch Governance, PMO & Command Center",Postmortem plan,L-24_to_L+12,Is assumptions-vs-actual learning planned?,single_select,No|Early/Draft|Defined/Mostly|Decision-ready/Operational,3,medium,false,false,Postmortem plan supporting evidence,candidate_v0,LaunchOS synthesis + founding operator/expert validation required
RQ-179,GOV,"Launch Governance, PMO & Command Center",Launch room,L-24_to_L+12,"Is command process decision-focused, not reporting-focused?",single_select,No|Early/Draft|Defined/Mostly|Decision-ready/Operational,3,medium,false,false,Launch room supporting evidence,candidate_v0,LaunchOS synthesis + founding operator/expert validation required
RQ-180,GOV,"Launch Governance, PMO & Command Center",Board reporting,L-24_to_L+12,Do board and operating teams share a source of truth?,single_select,No|Early/Draft|Defined/Mostly|Decision-ready/Operational,3,medium,false,false,Board reporting supporting evidence,candidate_v0,LaunchOS synthesis + founding operator/expert validation required
RQ-181,CMPY,"Compliance, Promotional Readiness & Governance",Compliance model,L-24_to_L+12,Are commercial/medical/regulatory/legal responsibilities separated?,single_select,No|Early/Draft|Defined/Mostly|Decision-ready/Operational,5,critical,true,true,Compliance model supporting evidence,candidate_v0,LaunchOS synthesis + founding operator/expert validation required
RQ-182,CMPY,"Compliance, Promotional Readiness & Governance",MLR process,L-24_to_L+12,Is promotional review staffed and timed to launch?,single_select,No|Early/Draft|Defined/Mostly|Decision-ready/Operational,5,critical,true,true,MLR process supporting evidence,candidate_v0,LaunchOS synthesis + founding operator/expert validation required
RQ-183,CMPY,"Compliance, Promotional Readiness & Governance",Approved content source,L-24_to_L+12,Is there one authoritative approved-content source?,single_select,No|Early/Draft|Defined/Mostly|Decision-ready/Operational,5,critical,true,true,Approved content source supporting evidence,candidate_v0,LaunchOS synthesis + founding operator/expert validation required
RQ-184,CMPY,"Compliance, Promotional Readiness & Governance",Commercial-medical handoff,L-24_to_L+12,Are off-label/medical questions routed appropriately?,single_select,No|Early/Draft|Defined/Mostly|Decision-ready/Operational,4,high,false,true,Commercial-medical handoff supporting evidence,candidate_v0,LaunchOS synthesis + founding operator/expert validation required
RQ-185,CMPY,"Compliance, Promotional Readiness & Governance",PV escalation,L-24_to_L+12,Are adverse-event escalation responsibilities defined?,single_select,No|Early/Draft|Defined/Mostly|Decision-ready/Operational,5,critical,true,true,PV escalation supporting evidence,candidate_v0,LaunchOS synthesis + founding operator/expert validation required
RQ-186,CMPY,"Compliance, Promotional Readiness & Governance",Product complaint,L-24_to_L+12,Are product-quality escalation rules defined?,single_select,No|Early/Draft|Defined/Mostly|Decision-ready/Operational,4,high,false,true,Product complaint supporting evidence,candidate_v0,LaunchOS synthesis + founding operator/expert validation required
RQ-187,CMPY,"Compliance, Promotional Readiness & Governance",Field compliance training,L-24_to_L+12,Are field teams certified before deployment?,single_select,No|Early/Draft|Defined/Mostly|Decision-ready/Operational,4,high,false,true,Field compliance training supporting evidence,candidate_v0,LaunchOS synthesis + founding operator/expert validation required
RQ-188,CMPY,"Compliance, Promotional Readiness & Governance",AI use policy,L-24_to_L+12,Is AI use in commercial workflows governed?,single_select,No|Early/Draft|Defined/Mostly|Decision-ready/Operational,4,high,false,true,AI use policy supporting evidence,candidate_v0,LaunchOS synthesis + founding operator/expert validation required
RQ-189,CMPY,"Compliance, Promotional Readiness & Governance",Data privacy,L-24_to_L+12,Are privacy/security boundaries defined?,single_select,No|Early/Draft|Defined/Mostly|Decision-ready/Operational,3,medium,false,false,Data privacy supporting evidence,candidate_v0,LaunchOS synthesis + founding operator/expert validation required
RQ-190,CMPY,"Compliance, Promotional Readiness & Governance",Audit trail,L-24_to_L+12,Can methodology/rule/AI/expert/decision changes be reconstructed?,single_select,No|Early/Draft|Defined/Mostly|Decision-ready/Operational,3,medium,false,false,Audit trail supporting evidence,candidate_v0,LaunchOS synthesis + founding operator/expert validation required
RQ-191,CMPY,"Compliance, Promotional Readiness & Governance",Vendor compliance,L-24_to_L+12,Are material vendors reviewed for relevant compliance/security?,single_select,No|Early/Draft|Defined/Mostly|Decision-ready/Operational,3,medium,false,false,Vendor compliance supporting evidence,candidate_v0,LaunchOS synthesis + founding operator/expert validation required
RQ-192,CMPY,"Compliance, Promotional Readiness & Governance",Launch compliance gate,L-24_to_L+12,Is there a cross-functional compliance readiness gate?,single_select,No|Early/Draft|Defined/Mostly|Decision-ready/Operational,3,medium,false,false,Launch compliance gate supporting evidence,candidate_v0,LaunchOS synthesis + founding operator/expert validation required
